{"cameraMode":{"drawMode":0,"name":"Shaded","section":"Shading Mode"},"sceneLighting":true,"audioPlay":false,"sceneViewState":{"m_AlwaysRefresh":false,"showFog":true,"showSkybox":true,"showFlares":true,"showImageEffects":true,"showParticleSystems":true,"showVisualEffectGraphs":true,"m_FxEnabled":true},"in2DMode":false,"pivot":{"x":1.1247897148132325,"y":-15.609527587890625,"z":11.598953247070313},"rotation":{"x":0.4126366078853607,"y":0.5757418870925903,"z":-0.41755059361457827,"w":0.5693386197090149},"size":28.346811294555665,"orthographic":false}