{"cameraMode":{"drawMode":0,"name":"Shaded","section":"Shading Mode"},"sceneLighting":true,"audioPlay":false,"sceneViewState":{"m_AlwaysRefresh":false,"showFog":true,"showSkybox":true,"showFlares":true,"showImageEffects":true,"showParticleSystems":true,"showVisualEffectGraphs":true,"m_FxEnabled":true},"in2DMode":false,"pivot":{"x":1.7012039422988892,"y":0.0066928863525390629,"z":1.1581478118896485},"rotation":{"x":0.39846721291542055,"y":0.0002871687465813011,"z":-0.00011828365677502006,"w":0.9172689318656921},"size":9.253137588500977,"orthographic":false}